ID,Type,SKU,Name,Published,"Is featured?","Visibility in catalog","Short description",Description,"Date sale price starts","Date sale price ends","Tax status","Tax class","In stock?",Stock,"Low stock amount","Backorders allowed?","Sold individually?","Weight (kg)","Length (cm)","Width (cm)","Height (cm)","Allow customer reviews?","Purchase note","Sale price","Regular price",Categories,Tags,"Shipping class",Images,"Download limit","Download expiry days",Parent,"Grouped products",Upsells,Cross-sells,"External URL","Button text",Position,"Attribute 1 name","Attribute 1 value(s)","Attribute 1 visible","Attribute 1 global","Attribute 2 name","Attribute 2 value(s)","Attribute 2 visible","Attribute 2 global","Meta: site-sidebar-layout","Meta: site-content-layout","Meta: _yoast_wpseo_primary_product_cat","Meta: _yoast_wpseo_content_score","Meta: _yoast_wpseo_estimated-reading-time-minutes","Meta: _wp_page_template"
7116,simple,0100-00040,"ANTILOPE T-SHIRTS",1,0,visible,"Unisex t-shirt.\n\nThis is Short description","This is long information about the product. This is long information about the product. This is long information about the product. This is long information about the product. This is long information about the product. This is long information about the product. This is long information about the product. This is long information about the product.",,,taxable,,1,5,2,notify,0,0.5,,,,1,,20,29,"Men's Shirts, Mens, T-shirts, Unisex, Womans, Women's Shirts",,,https://benchmarked.site/stautas.no/wp-content/uploads/2022/01/0100.jpg,,,,,,,,,0,color,"Orange, White",1,1,size,"L, M, XL",1,1,default,default,74,60,1,
7180,simple,0100-00040-1,T-SHIRTS,1,0,visible,"Unisex t-shirt.\n\nThis is Short description","This is long information about the product. This is long information about the product. This is long information about the product. This is long information about the product. This is long information about the product. This is long information about the product. This is long information about the product. This is long information about the product.",,,taxable,,1,5,2,notify,0,0.5,,,,1,,,29,"Men's Shirts, Mens, T-shirts, Unisex, Womans, Women's Shirts",,,https://benchmarked.site/stautas.no/wp-content/uploads/2022/02/40497_034-scaled.jpg,,,,,,,,,0,color,"Orange, White",1,1,size,"L, M, XL",1,1,default,default,74,60,1,
7184,simple,0100-00040-1-1,"Men's Jacket",1,0,visible,"Unisex t-shirt.\n\nThis is Short description","This is long information about the product. This is long information about the product. This is long information about the product. This is long information about the product. This is long information about the product. This is long information about the product. This is long information about the product. This is long information about the product.",,,taxable,,1,5,2,notify,0,0.5,,,,1,,35,40,"Men's Shirts, Mens, T-shirts, Unisex, Womans, Women's Shirts",,,https://benchmarked.site/stautas.no/wp-content/uploads/2022/02/33909_603-scaled.jpg,,,,,,,,,0,color,"Orange, White",1,1,size,"L, M, XL",1,1,default,default,74,60,1,
7185,simple,0100-00040-1-1-1,Hudi,1,0,visible,"Unisex t-shirt.\n\nThis is Short description","This is long information about the product. This is long information about the product. This is long information about the product. This is long information about the product. This is long information about the product. This is long information about the product. This is long information about the product. This is long information about the product.",,,taxable,,1,5,2,notify,0,0.5,,,,1,,,58,"Men's Shirts, Mens, T-shirts, Unisex, Womans, Women's Shirts",,,https://benchmarked.site/stautas.no/wp-content/uploads/2022/02/41777_597-scaled.jpg,,,,,,,,,0,color,"Orange, White",1,1,size,"L, M, XL",1,1,default,default,74,60,1,
7480,simple,EAN,"Description NO",1,0,visible,,,,,none,,1,,,0,0,,,,,0,,,,Uncategorized,,,,,,,,,,,,0,,,,,,,,,,,,,,default
7481,simple,4002395372195,"SPENNINGSDETEKTOR 2200-40",1,0,visible,,,,,none,,1,,,0,0,,225,75,35,0,,,250,Uncategorized,,,https://benchmarked.site/stautas.no/wp-content/uploads/2022/02/2200_402200-40-Hero_1_HiRes.jpg,,,,,,,,,0,,,,,,,,,,,,,,default
7483,simple,4002395238026,"ELEKTRISK TESTER 2205-40",1,0,visible,,,,,none,,1,,,0,0,,245,104,80,0,,,1925,Uncategorized,,,https://benchmarked.site/stautas.no/wp-content/uploads/2022/02/2205_402205_40-Hero_1_HiRes.jpg,,,,,,,,,0,,,,,,,,,,,,,,default
7485,simple,4002395006526,"ELEKTRISK TESTER 2212-20",1,0,visible,,,,,none,,1,,,0,0,,210,165,50,0,,,725,Uncategorized,,,https://benchmarked.site/stautas.no/wp-content/uploads/2022/02/2212-202212-20-Hero_01_HiRes.jpg,,,,,,,,,0,,,,,,,,,,,,,,default
7487,simple,4002395240128,"DIGITALT MULTIMETER 2216-40",1,0,visible,,,,,none,,1,,,0,0,,214,124,70,0,,,1790,Uncategorized,,,https://benchmarked.site/stautas.no/wp-content/uploads/2022/02/2216_402216_40-Hero_1_HiRes.jpg,,,,,,,,,0,,,,,,,,,,,,,,default
7489,simple,4002395238064,"DIGITALT MULTIMETER 2217-40",1,0,visible,,,,,none,,1,,,0,0,,214,119,89,0,,,2275,Uncategorized,,,https://benchmarked.site/stautas.no/wp-content/uploads/2022/02/2217_402217_40-Hero_1_HiRes.jpg,,,,,,,,,0,,,,,,,,,,,,,,default
7491,simple,4002395240135,"TANGAMPEREMETER 2235-40",1,0,visible,,,,,none,,1,,,0,0,,119,219,49,0,,,1750,Uncategorized,,,https://benchmarked.site/stautas.no/wp-content/uploads/2022/02/2235_402235_40-Hero_2_HiRes.jpg,,,,,,,,,0,,,,,,,,,,,,,,default
7493,simple,4002395282159,"TEMP. MÅLER INFRARØD 2267-40",1,0,visible,,,,,none,,1,,,0,0,,165,61,269,0,,,1290,Uncategorized,,,https://benchmarked.site/stautas.no/wp-content/uploads/2022/02/2267_202267_20-Hero_2_HiRes.jpg,,,,,,,,,0,,,,,,,,,,,,,,default
7495,simple,4002395260867,"VINKELSLIPER AG 10-115 EK",1,0,visible,,,,,none,,1,,,0,0,,380,134,121,0,,,1375,Uncategorized,,,https://benchmarked.site/stautas.no/wp-content/uploads/2022/02/AG_10-115_EKAG_10-115_EK-Hero_2_HiRes.jpg,,,,,,,,,0,,,,,,,,,,,,,,default
7497,simple,4002395260874,"VINKELSLIPER AG 10-125 EK",1,0,visible,,,,,none,,1,,,0,0,,380,134,121,0,,,1375,Uncategorized,,,https://benchmarked.site/stautas.no/wp-content/uploads/2022/02/AG_10-125-EKAG_10-125_EK-Hero_2_HiRes.jpg,,,,,,,,,0,,,,,,,,,,,,,,default
7499,simple,4002395140787,"VINKELSLIPER AG 13-125 XSPD",1,0,visible,,,,,none,,1,,,0,0,,152,85,524,0,,,1550,Uncategorized,,,https://benchmarked.site/stautas.no/wp-content/uploads/2022/02/AG_13-125_XSPDAG_13-125_XSPD-Hero_2_HiRes.jpg,,,,,,,,,0,,,,,,,,,,,,,,default
7501,simple,4002395235766,"VINKELSLIPER AG16-125 INOX PTM",1,0,visible,,,,,none,,1,,,0,0,,505,197,101,0,,,2850,Uncategorized,,,https://benchmarked.site/stautas.no/wp-content/uploads/2022/02/AG_16AG_16-125_INOX-Hero_2_HiRes.jpg,,,,,,,,,0,,,,,,,,,,,,,,default
7740,simple,d41d8cd98f00,,1,0,visible,,"\n\n\n\nNORWEGIAN",,,none,,1,,,0,0,,,,,0,,,,Uncategorized,,,,,,,,,,,,0,,,,,,,,,,,,,,default
7741,simple,7071606238251,"ORIGINAL T-SHIRT",1,0,visible,"ORIGINAL T-SHIRT/BLÅMELERT/4XL","En forkrympet T-skjorte som gir deg maksimalt igjen for pengene. Rundstrikket og med doble sømmer i hals, ermer og linning. 4-lags halsribb og forsterkningsbånd i nakkesøm fra skulder til skulder.\n\nTracker\n\nNordisk Handelshus AS",,,none,,1,,,0,0,160226,,,,0,,,77.00,T-Shirt,,,https://benchmarked.site/stautas.no/wp-content/uploads/2022/03/1010_25.jpg,,,,,,,,,0,,,,,,,,,,,,,,default
7752,simple,7071606011588,"ORIGINAL SLIM T",1,0,visible,"ORIGINAL SLIM T/GRÅ/XXL","T-shirt i en smalere fasong med smal halsribb, i samme gode og velkjente kvalitet som art. 1010.\n\nTracker\n\nNordisk Handelshus AS",,,none,,1,,,0,0,1602,,,,0,,,70.40,T-Shirt,,,https://benchmarked.site/stautas.no/wp-content/uploads/2022/03/1012_22.jpg,,,,,,,,,0,,,,,,,,,,,,,,default
7757,simple,7071606011687,"JUNIOR T-SHIRT",1,0,visible,"JUNIOR T-SHIRT/GRÅMELERT/170CL","En høykvalitets T-skjorte for barn. Rundstrikket og med doble sømmer i hals, ermer og linning. 4-lags halsribb og forsterkningsbånd i nakkesøm fra skulder til skulder.\n\nTracker\n\nNordisk Handelshus AS",,,none,,1,,,0,0,145226,,,,0,,,63.80,T-Shirt,,,https://benchmarked.site/stautas.no/wp-content/uploads/2022/03/1030_22.jpg,,,,,,,,,0,,,,,,,,,,,,,,default
7766,simple,7071606011847,"ORGINAL COOL-DRY T-SHIRT",1,0,visible,"ORIGINAL COOL-DRY T-SHIRT/ORANGE/4XL","Kroppsnær T-shirt i en optimal blanding av CoolDry® og polyester. Mykt, lett og behagelig stoff med gode fukttransporterende egenskaper. Føles lett på kroppen, og holder deg tørr og avkjølt under trening eller på varme sommerdager.\n\nTracker\n\nNordisk Handelshus AS",,,none,,1,,,0,0,1402,,,,0,,,127.60,T-Shirt,,,https://benchmarked.site/stautas.no/wp-content/uploads/2022/03/1200_17_f.jpg,,,,,,,,,0,,,,,,,,,,,,,,default
7773,simple,7071606001756,"LADIES COOL-DRY T-SHIRT",1,0,visible,"LADIES COOL-DRY T-SHIRT/KONGEBLÅ/3XL","Elastisk figursydd dametopp i en optimal blanding av CoolDry®, polyester og elastan. Mykt, lett og behagelig stoff med gode fukttransporterende\negenskaper. Føles lett på kroppen, og holder deg tørr og avkjølt under trening eller på varme sommerdager.\n\nTracker\n\nNordisk Handelshus AS",,,none,,1,,,0,0,1402,,,,0,,,127.60,T-Shirt,,,https://benchmarked.site/stautas.no/wp-content/uploads/2022/03/1202_06.jpg,,,,,,,,,0,,,,,,,,,,,,,,default
7778,simple,7071606623347,"ORIGINAL SUPERLIGHT COOL-T",1,0,visible,"ORIGINAL SUPERLIGHT COOL-T/SKY BLUE/4XL","Sporty treningstopp i mykt og behagelig CoolDry® stoff. Meget gode fukttransporterende egenskaper. Føles lett på kroppen, og holder deg tørr og avkjølt under trening eller på varme sommerdager. Tynne refleksstriper foran og bak.\n\nTracker\n\nNordisk Handelshus AS",,,none,,1,,,0,0,160,,,,0,,,171.60,T-Shirt,,,https://benchmarked.site/stautas.no/wp-content/uploads/2022/03/1210_08.jpg,,,,,,,,,0,,,,,,,,,,,,,,default
7781,simple,7071606623491,"LADY SUPERLIGHT COOL-T",1,0,visible,"LADY SUPERLIGHT COOL-T/SKY BLUE/XXL","Figursydd og feminin sporty treningstopp i mykt og behagelig CoolDry®\nstoff. Ton-i-ton kontrastsømmer foran og bak fremhever den feminine\nfasongen. Meget gode fukttransporterende egenskaper. Føles lett på\nkroppen, og holder deg tørr og avkjølt under trening eller på varme\nsommerdager. Tynne refleksstriper i front og på rygg.\n\nTracker\n\nNordisk Handelshus AS",,,none,,1,,,0,0,130,,,,0,,,165.00,T-Shirt,,,https://benchmarked.site/stautas.no/wp-content/uploads/2022/03/1212_08.jpg,,,,,,,,,0,,,,,,,,,,,,,,default
7784,simple,7071606876743,HI-VIS COOLDRY T-SHIRT,1,0,visible,"HI-VIS COOLDRY T-SHIRT/YELLOW/4XL","Fluoriserende T-Skjorte i synlighetsklasse 2 etter EN ISO20471.Lett og super behagelig materiale, som må prøves på! Segmenterte, tynne og elastiske LOXY®-reflekser på mage og ermer.\n\nTracker\n\nNordisk Handelshus AS",,,none,,1,,,0,0,,,,,0,,,481.80,Synlighet,,,https://benchmarked.site/stautas.no/wp-content/uploads/2022/03/1213_37.jpg,,,,,,,,,0,,,,,,,,,,,,,,default
7786,simple,7071606001916,"JUNIOR COOL DRY",1,0,visible,"JUNIOR COOL DRY/KONGEBLÅ/170","Kroppsnær T-shirt til barn i en optimal blanding av CoolDry® og polyester. Mykt, lett og behagelig stoff med gode fukttransporterende egenskaper. Føles lett på kroppen, og holder deg tørr og avkjølt under trening eller på varme sommerdager. Unngå bruk av skyllemiddel ved vask, da dette vil kunne gi nedsatt funksjonsevne og bidra til luktutvikling.\n\nTracker\n\nNordisk Handelshus AS",,,none,,1,,,0,0,1402,,,,0,,,121.00,T-Shirt,,,https://benchmarked.site/stautas.no/wp-content/uploads/2022/03/1230_08.jpg,,,,,,,,,0,,,,,,,,,,,,,,default
7791,simple,7071606238008,"ORIGINAL PIQUE",1,0,visible,"ORIGINAL PIQUE/BLÅMELERT/4XL","Den klassiske tennisskjorten. Pique strikket i 100% kjemmet bomull. Forkrympet og med doble sømmer og forsterket nakkesøm. Spesielt finmasket pique for å oppnå best mulig grunnlag for trykk og brodering.\n\nTracker\n\nNordisk Handelshus AS",,,none,,1,,,0,0,200232,,,,0,,,221.10,Pique,,,https://benchmarked.site/stautas.no/wp-content/uploads/2022/03/2010_25.jpg,,,,,,,,,0,,,,,,,,,,,,,,default
7800,simple,7071606002746,"LADIES PIQUE",1,0,visible,"LADIES PIQUE/RØD/XL","Figursydd piqué i samme stoff som art. 2010. Damemodell uten knapper. Forkrympet og med doble sømmer og forsterket nakkesøm. Spesielt finmasket pique for å oppnå best mulig grunnlag for trykk og brodering. Rød, hvit og blå neck-tape.\n\nTracker\n\nNordisk Handelshus AS",,,none,,1,,,0,0,200232,,,,0,,,209.00,Pique,,,https://benchmarked.site/stautas.no/wp-content/uploads/2022/03/2012_06.jpg,,,,,,,,,0,,,,,,,,,,,,,,default
7805,simple,7071606872998,"COOL DRY SPORT PIQUE",1,0,visible,"COOL DRY SPORT PIQUE/SKIFERGRÅ/4XL","Klassisk tennis-/polo skjorte i pique struktur med krage og to knapper i en optimal blanding av CoolDry® og polyester. Mykt, lett og behagelig stoff som transporterer fuktighet vekk fra kroppen. CoolDry® garnet har en struktur som minimerer stoffets kontaktflate med kroppen.\n\nTracker\n\nNordisk Handelshus AS",,,none,,1,,,0,0,1652,,,,0,,,221.10,Pique,,,https://benchmarked.site/stautas.no/wp-content/uploads/2022/03/2110_12.jpg,,,,,,,,,0,,,,,,,,,,,,,,default
7812,simple,7071606870673,"COOL DRY SPORT PIQUE LADY",1,0,visible,"COOL DRY SPORT PIQUE LADY/ROSA/XL","Klassisk tennis-/polo skjorte i pique struktur til dame med krage og fire knapper i en optimal blanding av CoolDry® og polyester. Mykt, lett og behagelig stoff som transporterer fuktighet vekk fra kroppen. CoolDry® garnet har en struktur som minimerer stoffets kontaktflate med kroppen.\n\nTracker\n\nNordisk Handelshus AS",,,none,,1,,,0,0,1652,,,,0,,,209.00,Pique,,,https://benchmarked.site/stautas.no/wp-content/uploads/2022/03/2112_26.jpg,,,,,,,,,0,,,,,,,,,,,,,,default
7818,simple,7071606875463,"ORIGINAL SWEAT",1,0,visible,"ORIGINAL SWEAT/RH/BLÅMELERT/4XL","En klassisk sweatshirt med detaljer som gjør dette til en klassevinner. Flosset innside, doble ribber med lycra i ermer, hals og linning. Halvmåneformet\nforsterkning isydd i nakkepartiet og vevet fortsterkningsbånd i nakkesøm.\n\nTracker\n\nNordisk Handelshus AS",,,none,,1,,,0,0,280232,,,,0,,,283.80,Sweatshirts,,,https://benchmarked.site/stautas.no/wp-content/uploads/2022/03/3010_25.jpg,,,,,,,,,0,,,,,,,,,,,,,,default
7828,simple,7071606877115,"HI-VIS CREW NECK SWEATSHIRT",1,0,visible,"HI-VIS CREW NECK SWEATSHIRT/YELLOW/4XL","Fluoriserende rund-hals sweatshirt i synlighetsklasse 2/3 etter EN ISO20471. Segmenterte og elastiske LOXY®-reflekser gir god bevegelsfrihet og komfort når du er på jobb.\n\nTracker\n\nNordisk Handelshus AS",,,none,,1,,,0,0,,,,,0,,,547.80,Synlighet,,,https://benchmarked.site/stautas.no/wp-content/uploads/2022/03/3013_37_f.jpg,,,,,,,,,0,,,,,,,,,,,,,,default
7830,simple,7071606003927,"ORIGINAL SWEAT PANTS",1,0,visible,"ORIGINAL SWEAT PANTS/GRÅMELERT/XXL","Joggebukse i samme kvalitet som hettegenser. Strikk og snøring i livet, 2 stikklommer foran.\n\nTracker\n\nNordisk Handelshus AS",,,none,,1,,,0,0,280232,,,,0,,,261.80,Sweatshirts,,,https://benchmarked.site/stautas.no/wp-content/uploads/2022/03/3015_02.jpg,,,,,,,,,0,,,,,,,,,,,,,,default
7834,simple,7071606004016,"JUNIOR SWEAT PANTS",1,0,visible,"JUNIOR SWEAT PANTS/GRÅMELERT/170#","Joggebukse til barn. Strikk og snøring i livet, 2 stikklommer foran.\n\nTracker\n\nNordisk Handelshus AS",,,none,,1,,,0,0,280232,,,,0,,,239.80,Sweatshirts,,,https://benchmarked.site/stautas.no/wp-content/uploads/2022/03/3016_22.jpg,,,,,,,,,0,,,,,,,,,,,,,,default
7838,simple,7071606014480,"JUNIOR SWEAT",1,0,visible,"JUNIOR SWEAT/GRÅMELERT/170CL","En klassisk sweatshirt til barn. Flosset innside, doble ribber med Lycra i ermer, hals og linning. Halvmåneformet forsterkning isydd i nakkepartiet og vevet fortsterkningsbånd i nakkesøm.\n\nTracker\n\nNordisk Handelshus AS",,,none,,1,,,0,0,280232,,,,0,,,209.00,Sweatshirts,,,https://benchmarked.site/stautas.no/wp-content/uploads/2022/03/3030_22.jpg,,,,,,,,,0,,,,,,,,,,,,,,default
7845,simple,7071606014510,"JUNIOR HOOD",1,0,visible,"JUNIOR HOOD/GRÅMELERT/170#","Klassisk hettegenser i kraftig og behagelig kvalitet til barn. Frontlomme, dobbel hette med snøring. Lycra i alle ribber, flosset innside og forsterket nakkeparti\n\nTracker\n\nNordisk Handelshus AS",,,none,,1,,,0,0,280232,,,,0,,,283.80,Sweatshirts,,,https://benchmarked.site/stautas.no/wp-content/uploads/2022/03/3035_22_1920x1920.jpg,,,,,,,,,0,,,,,,,,,,,,,,default
7853,simple,7071606004658,"JUNIOR HOOD JACKET",1,0,visible,"JUNIOR HOOD JACKET/GRÅMELERT/170#","Klassisk hettegenser i kraftig og behagelig kvalitet til barn. Frontlomme, dobbel hette med snøring. Lycra i alle ribber, flosset innside og forsterket nakkeparti\n\nTracker\n\nNordisk Handelshus AS",,,none,,1,,,0,0,280232,,,,0,,,371.80,Sweatshirts,,,https://benchmarked.site/stautas.no/wp-content/uploads/2022/03/3036_22.jpg,,,,,,,,,0,,,,,,,,,,,,,,default
7858,simple,7071606014152,"ORIGINAL SWEAT/ZIP",1,0,visible,"ORIGINAL SWEAT/ZIP/DARK GREY MEL/4XL","Klassisk stilren genser i en myk komfortabel kvalitet som passer like godt for business som fritid. Flosset innside, doble ribber med lycra i ermer og linning. Halvmåneformet forsterkning isydd i nakkepartiet og vevet fortsterkningsbånd i nakkesøm.\n\nTracker\n\nNordisk Handelshus AS",,,none,,1,,,0,0,2802,,,,0,,,305.80,Sweatshirts,,,https://benchmarked.site/stautas.no/wp-content/uploads/2022/03/3060_22.jpg,,,,,,,,,0,,,,,,,,,,,,,,default
7866,simple,7071606238657,"ORIGINAL HOOD",1,0,visible,"ORIGINAL HOOD/BLÅMELERT/4XL","Klassisk hettegenser i kraftig og behagelig kvalitet. Frontlomme, dobbel hette med snøring. Lycra i alle ribber, flosset innside og forsterket nakkeparti.\n\nTracker\n\nNordisk Handelshus AS",,,none,,1,,,0,0,280232,,,,0,,,349.80,Sweatshirts,,,,,,,,,,,,0,,,,,,,,,,,,,,default
7867,simple,7071606386648,"ORIGINAL HOOD JACKET",1,0,visible,"ORIGINAL HOOD JACKET/BLÅMELERT/4XL","Tidsriktig hettejakke i samme kvalitet som art. 3065 Raglan-modell med ton-i-ton flatlock-sømmer, dobbel hette og YKK glidelås.\n\nTracker\n\nNordisk Handelshus AS",,,none,,1,,,0,0,2802,,,,0,,,437.80,Sweatshirts,,,,,,,,,,,,0,,,,,,,,,,,,,,default
7868,simple,7071606877580,"PIMA COTTON V-NECK",1,0,visible,"PIMA COTTON V-NECK/BLÅMELERT/4XL","Klassisk V-hals genser produsert i nydelig myk og slitesterk Pima bomull*. Det perfekte plagg både til skjorter og pique. Representativt, velkledd og\nkomfortabelt.\n\nTracker\n\nNordisk Handelshus AS",,,none,,1,,,0,0,400,,,,0,,,569.80,Strikk,,,https://benchmarked.site/stautas.no/wp-content/uploads/2022/03/3086_25.jpg,,,,,,,,,0,,,,,,,,,,,,,,default
7873,simple,7071606873643,"LADY PIMA COTTON CARDIGAN",1,0,visible,"LADY PIMA COTTON CARDIGAN/BLÅMELERT/XXL","Klassisk Cardigan for dame produsert i nydelig myk og slitesterk Pima bomull*. Det perfekte plagg både til skjorter og pique. Representativt, velkledd og\nkomfortabelt.\n\nTracker\n\nNordisk Handelshus AS",,,none,,1,,,0,0,350,,,,0,,,547.80,Strikk,,,https://benchmarked.site/stautas.no/wp-content/uploads/2022/03/3088_25.jpg,,,,,,,,,0,,,,,,,,,,,,,,default
7879,simple,7071606875708,"MERINO WOOL V-NECK",1,0,visible,"MERINO WOOL V-NECK/CHARCOAL/4XL","Fasongsydd strikkegenser til dame med v-hals i myk merinoull som ikke klør. Den klassiske, v-halsen er tettsittende med en smal ribbestrikket kant for å gi genseren et moderne uttrykk. Ribbestrikkede kanter nederst på ermene, som gjør at genseren sitter perfekt rundt håndleddene.\n\nTracker\n\nNordisk Handelshus AS",,,none,,1,,,0,0,430,,,,0,,,723.80,Strikk,,,https://benchmarked.site/stautas.no/wp-content/uploads/2022/03/3096_10_f.jpg,,,,,,,,,0,,,,,,,,,,,,,,default
7883,simple,7071606875883,"LADY MERINO WOOL V-NECK",1,0,visible,"LADY MERINO WOOL V-NECK/C.COAL/XXL","Fasongsydd strikkegenser til dame med v-hals i myk merinoull som ikke klør. Den klassiske, v-halsen er tettsittende med en smal ribbestrikket kant for å gi genseren et moderne uttrykk. Ribbestrikkede kanter nederst på ermene, som gjør at genseren sitter perfekt rundt håndleddene.\n\nTracker\n\nNordisk Handelshus AS",,,none,,1,,,0,0,430,,,,0,,,723.80,Strikk,,,https://benchmarked.site/stautas.no/wp-content/uploads/2022/03/3098_10_f.jpg,,,,,,,,,0,,,,,,,,,,,,,,default
7887,simple,7071606237803,"MICRO FLEECE JAKKE",1,0,visible,"MICRO FLEECE/JAKKE/CHARCOAL/4XL","Nuppefri microfleece-jakke i høy kvalitet med snøring i linning, dype lommer med glidelås, vevet forsterkning på kragekant, forsterket nakkesøm og nakkeparti. Egner seg meget godt til både brodering og transfer.\n\nTracker\n\nNordisk Handelshus AS",,,none,,1,,,0,0,3002,,,,0,,,371.80,Fleece,,,https://benchmarked.site/stautas.no/wp-content/uploads/2022/03/4010_10_f.jpg,,,,,,,,,0,,,,,,,,,,,,,,default
7891,simple,7071606876804,HI-VIS MICROFLEECE JACKET,1,0,visible,HI-VIS MICROFLEECE JACKET/YELLOW/4XL,"Fluoriserende mikrofleece-jakke i synlighetsklasse 3 etter EN ISO20471.To sidelommer med glidelås, samt stramning i linning. 3M Scotchlite™ reflekser på mage, skuldre og ermer.\n\nTracker\n\nNordisk Handelshus AS",,,none,,1,,,0,0,3002,,,,0,,,547.80,Synlighet,,,https://benchmarked.site/stautas.no/wp-content/uploads/2022/03/4013_37.jpg,,,,,,,,,0,,,,,,,,,,,,,,default
7893,simple,7071606873476,"ULTRAFLEECE JACKET",1,0,visible,"ULTRAFLEECE JACKET/KONGEBLÅ/4XL","Lett og behagelig microfleece jakke. Sidelommer med glidelås og elastisk stramming i linning.\n\nTracker\n\nNordisk Handelshus AS",,,none,,1,,,0,0,170,,,,0,,,327.80,Fleece,,,https://benchmarked.site/stautas.no/wp-content/uploads/2022/03/4020_08_f.jpg,,,,,,,,,0,,,,,,,,,,,,,,default
7897,simple,7071606873575,"LADY ULTRAFLEECE JACKET",1,0,visible,"LADY ULTRAFLEECE JACKET/KONGEBLÅ/XS","Fasongsydd microfleece jakke til dame. Sidelommer med glidelås og elastisk stramming i linning.\n\nTracker\n\nNordisk Handelshus AS",,,none,,1,,,0,0,170,,,,0,,,305.80,Fleece,,,https://benchmarked.site/stautas.no/wp-content/uploads/2022/03/4022_08_f.jpg,,,,,,,,,0,,,,,,,,,,,,,,default
7901,simple,7071606871212,"ORIGINAL KNITTED FLEECE JACKET",1,0,visible,"ORIGINAL KNITTED FLEECE JACKET/BLUE MELANGE/4XL","Strikkefleece-jakke til herre. Behagalig mellomlagsplagg med børstet innside. Sidelommer med glidelås. Nuppebehandlet.\n\nTracker\n\nNordisk Handelshus AS",,,none,,1,,,0,0,270,,,,0,,,591.80,Fleece,,,https://benchmarked.site/stautas.no/wp-content/uploads/2022/03/4040_05_f.jpg,,,,,,,,,0,,,,,,,,,,,,,,default
7905,simple,7071606871380,"LADY KNITTED FLEECE JACKET",1,0,visible,"LADY KNITTED FLEECE JACKET/BLUE MELANGE/XS","Fasongsydd strikkefleece-jakke til dame. Behagalig mellomlagsplagg med børstet innside. Sidelommer med glidelås. Nuppebehandlet.\n\nTracker\n\nNordisk Handelshus AS",,,none,,1,,,0,0,270,,,,0,,,569.80,Fleece,,,https://benchmarked.site/stautas.no/wp-content/uploads/2022/03/4042_05_f.jpg,,,,,,,,,0,,,,,,,,,,,,,,default
7909,simple,7071606011069,"BAMSEFLEECE JAKKE",1,0,visible,"BAMSEFLEECE JAKKE/NAVY/3XL","Superkomfortabel og myk hettejakke laget av korallfiber/polyester. 2 sStore lommer med skjult glidelås foran, samt snøring i linning for tilpasning av passform. Lite trykkfelt foran (6,5x9,0 cm), og stort trykkfelt på rygg (20x30 cm) for enkel påsetting av transfer eller silketrykk.\n\nTracker\n\nNordisk Handelshus AS",,,none,,1,,,0,0,6002,,,,0,,,679.80,Fleece,,,https://benchmarked.site/stautas.no/wp-content/uploads/2022/03/4080_05.jpg,,,,,,,,,0,,,,,,,,,,,,,,default
7911,simple,7071606162259,"ORIGINAL FITNESS FLEECE",1,0,visible,"ORIGINAL FITNESS FLEECE /ANTRASITT/4XL","Sporty elastisk fleecejakke med glatt utside og børstet innside. Plagget fungerer like bra til hverdags, friluftsliv og sportsaktiviteter. Jakken kombinerer fleece-materialets tekniske egenskaper for fukttransport og pusteevne med et klassisk sporty design. Et lunt og godt isolasjonsplagg. De lysegrå flatlock-sømmene gir et spennende visuelt uttrykk. Fargede zip-pullere vil egne seg godt til bruk på denne jakken.\n\nTracker\n\nNordisk Handelshus AS",,,none,,1,,,0,0,540,,,,0,,,503.80,Fleece,,,https://benchmarked.site/stautas.no/wp-content/uploads/2022/03/4090_10_f.jpg,,,,,,,,,0,,,,,,,,,,,,,,default
7913,simple,7071606162303,"LADY FITNESS FLEECE",1,0,visible,"LADYFITNESS FLEECE /ANTRASITT/XS","Fasongsydd sporty elastisk fleecejakke med glatt utside og børstet innside. Plagget fungerer like bra til hverdags, friluftsliv og sportsaktiviteter. Jakken kombinerer fleece-materialets tekniske egenskaper for fukttransport og pusteevne med et klassisk sporty design. Et lunt og godt isolasjonsplagg. De lysegrå flatlock-sømmene gir et spennende visuelt uttrykk. Fargede zip-pullere vil egne seg godt til bruk på denne jakken.\n\nTracker\n\nNordisk Handelshus AS",,,none,,1,,,0,0,490,,,,0,,,481.80,Fleece,,,https://benchmarked.site/stautas.no/wp-content/uploads/2022/03/4092_10_f.jpg,,,,,,,,,0,,,,,,,,,,,,,,default
7915,simple,7071606013797,"COTTON BLEND SMALL CHECK SHIRT",1,0,visible,"COTTON BLEND SMALL CHECK SHIRT/BLUE/XXXL","Stilfull og moderne skjorte i en nydelig blanding av bomull og polyester. Lettstelt, myk og behagelig, og med spennende design detaljer. Finnes i regular og i slim-fit i midtstørrelsene (M-XL).\n\nTracker\n\nNordisk Handelshus AS",,,none,,1,,,0,0,340,,,,0,,,481.80,Skjorter,,,https://benchmarked.site/stautas.no/wp-content/uploads/2022/03/5560_15.jpg,,,,,,,,,0,,,,,,,,,,,,,,default
7917,simple,7071606014640,"COTTON BLEND SMALL CHECK LADY",1,0,visible,"COTTON BLEND SMALL CHECK LADY/BLUE/XXL","Fasongsydd dameskjorte i en nydelig blanding av bomull og polyester. Lettstelt, myk og behagelig. Nå med rosa design detaljer.\n\nTracker\n\nNordisk Handelshus AS",,,none,,1,,,0,0,210,,,,0,,,481.80,Skjorter,,,https://benchmarked.site/stautas.no/wp-content/uploads/2022/03/5562_15.jpg,,,,,,,,,0,,,,,,,,,,,,,,default
7919,simple,7071606016170,"COTTON BLEND/ LIGHT BLUE",1,0,visible,"COTTON BLEND / LIGHT BLUE/4XL","Stilfull og moderne skjorte i en nydelig blanding av bomull og polyester. Lettstelt, myk og behagelig, og med spennende design detaljer. Finnes i regular og i slim-fit i midtstørrelsene (M-XL).\n\nTracker\n\nNordisk Handelshus AS",,,none,,1,,,0,0,380,,,,0,,,481.80,Skjorter,,,https://benchmarked.site/stautas.no/wp-content/uploads/2022/03/5565-1920x1920-1.jpg,,,,,,,,,0,,,,,,,,,,,,,,default
7921,simple,7071606161832,"COTTON BLEND/ LIGHT BLUE/LADY",1,0,visible,"COTTON BLEND/ LIGHT BLUE/XXL","Fasongsydd dameskjorte i en nydelig blanding av bomull og polyester. Lettstelt, myk og behagelig. Nå med rosa design detaljer.\n\nTracker\n\nNordisk Handelshus AS",,,none,,1,,,0,0,200,,,,0,,,481.80,Skjorter,,,https://benchmarked.site/stautas.no/wp-content/uploads/2022/03/5567-1920x1920-1.jpg,,,,,,,,,0,,,,,,,,,,,,,,default
7923,simple,7071606875357,"COTTON BLEND INDIGO",1,0,visible,"COTTON BLEND/ INDIGO BLUE/4XL","Stilfull og moderne skjorte i nydelig blanding av bomull og polyester. Lettstelt, myk og behagelig. Finnes i regular og i slim-fit i midtstørrelsene (M-XL).\n\nTracker\n\nNordisk Handelshus AS",,,none,,1,,,0,0,380,,,,0,,,481.80,Skjorter,,,https://benchmarked.site/stautas.no/wp-content/uploads/2022/03/5568_05_f.jpg,,,,,,,,,0,,,,,,,,,,,,,,default
7925,simple,7071606875074,"EXCLUSIVE STRETCH SHIRT",1,0,visible,"EXCLUSIVE STRETCH SHIRT/LYSBLÅ/XXXXL","En lekker og tidsriktig bomullsskjorte. Sammensetningen av bomull og elastan gjør dette til en svært behagelig skjorte, mens satengveven gir en glatt og fin overflate med fin glans. Dette er en lettstelt skjorte som trenger minimalt med stryking; den er nesten strykefri. Finnes i regular og i slim-fit i midtstørrelsene (M-XL).\n\nTracker\n\nNordisk Handelshus AS",,,none,,1,,,0,0,420,,,,0,,,613.80,Skjorter,,,https://benchmarked.site/stautas.no/wp-content/uploads/2022/03/5580_15_f.jpg,,,,,,,,,0,,,,,,,,,,,,,,default
7929,simple,7071606875258,"LADIES STRETCH SHIRT",1,0,visible,"LADIES STRETCH SHIRT/LYSBLÅ/XXL","En lekker og tidsriktig bomullsskjorte til dame. Sammensetningen av bomull og elastan gjør dette til en svært behagelig skjorte, mens satengveven gir en glatt og fin overflate med fin glans. Dette er en lettstelt skjorte som trenger minimalt med stryking; den er nesten strykefri.\n\nTracker\n\nNordisk Handelshus AS",,,none,,1,,,0,0,330,,,,0,,,613.80,Skjorter,,,https://benchmarked.site/stautas.no/wp-content/uploads/2022/03/5582_15.jpg,,,,,,,,,0,,,,,,,,,,,,,,default
7933,simple,7071606237926,"EXCLUSIVE SLIM FIT SHIRT",1,0,visible,"EXCLUSIVE SLIM FIT SHIRT/LYS BLÅ/3XL","Eksklusiv og lettstelt skjorte produsert i et tettvevet twill-stoff av two-ply-garn i Egyptisk bomull. Kvalitetsmessig behagelig og slitesterk kvalitet med fantastisk glans og dybde. Tidsriktig fasong som bør passe de fleste. Blå satengkant på innside av krage.\n\nTracker\n\nNordisk Handelshus AS",,,none,,1,,,0,0,420,,,,0,,,657.80,Skjorter,,,https://benchmarked.site/stautas.no/wp-content/uploads/2022/03/5593_15.jpg,,,,,,,,,0,,,,,,,,,,,,,,default
7936,simple,7071606012622,"TWO PLY BUSINESS SHIRT",1,0,visible,"TWO PLY BUSINESS SHIRT/L.BLUE/4XL","Ekslusiv klassisk herreskjorte produsert i et tettvevet stoff av two-ply garn i egyptisk bomull. Kvalitetsmessig behagelig og slitesterk kvalitet med fantastisk glans og dybde. Blandingen av lys blå og hvit tråd gir en flott effekt i stoffet. Rød sømkant rund øvre knappehull, samt rød satengkant på innside av krage. Finnes i regular og i slim-fit i midtstørrelsene (M-XL).\n\nTracker\n\nNordisk Handelshus AS",,,none,,1,,,0,0,490,,,,0,,,657.80,Skjorter,,,https://benchmarked.site/stautas.no/wp-content/uploads/2022/03/5594_15.jpg,,,,,,,,,0,,,,,,,,,,,,,,default
7938,simple,7071606013872,"TWO PLY WHITE/BLUE CHECK",1,0,visible,"TWO PLY WHITE/BLUE CHECK/4XL","Eksklusiv klassisk herreskjorte produsert i et tettvevet stoff av two-ply garn i Egyptisk bomull. Myk, behagelig og slitesterk kvalitet med fantastisk\nglans og dybde. Svært lettstelt. Hvitt stoff med marineblå ruter gir et klassisk og elegant utseende. Finnes i regular og i slim-fit i midtstørrelsene (M-XL).\n\nTracker\n\nNordisk Handelshus AS",,,none,,1,,,0,0,420,,,,0,,,657.80,Skjorter,,,https://benchmarked.site/stautas.no/wp-content/uploads/2022/03/5596_00.jpg,,,,,,,,,0,,,,,,,,,,,,,,default
7940,simple,7071606009325,"ORIGINAL BASEBALL CAP",1,0,visible,"ORIGINAL BASEBALL CAP/MARINE","Amerikansk baseball cap med lav profil, og med\nmessingspenne for justering av størrelse.\n\nTracker\n\nNordisk Handelshus AS",,,none,,1,,,0,0,90,,,,0,,,50.60,Hodeplagg,,,https://benchmarked.site/stautas.no/wp-content/uploads/2022/03/6010_05.jpg,,,,,,,,,0,,,,,,,,,,,,,,default
7944,simple,7071606015791,"BASEBALL CAP M/KONTRAST",1,0,visible,"BASEBALL CAP/K.BLÅ M/KONTRAST","Amerikansk baseball cap med lav profil, messingspenne for justering av størrelse.\n\nTracker\n\nNordisk Handelshus AS",,,none,,1,,,0,0,90,,,,0,,,52.80,Hodeplagg,,,https://benchmarked.site/stautas.no/wp-content/uploads/2022/03/6015_08.jpg,,,,,,,,,0,,,,,,,,,,,,,,default
7950,simple,7071606013186,"ORIGINAL STONEWASHED CAP",1,0,visible,"ORIGINAL STONEWASHED CAP/RØD","Klassisk baseball cap i tynt, lett og steinvasket\nstoff av vevet bomullstwill\n\nTracker\n\nNordisk Handelshus AS",,,none,,1,,,0,0,90,,,,0,,,52.80,Hodeplagg,,,https://benchmarked.site/stautas.no/wp-content/uploads/2022/03/6035_06.jpg,,,,,,,,,0,,,,,,,,,,,,,,default
7952,simple,7071606872622,"KNITTED TURN-UP HAT",1,0,visible,"KNITTED TURN-UP HAT/BLACK","Strikket lue med oppbrett.\n\nTracker\n\nNordisk Handelshus AS",,,none,,1,,,0,0,70,,,,0,,,72.60,Hodeplagg,,,https://benchmarked.site/stautas.no/wp-content/uploads/2022/03/6120_04.jpg,,,,,,,,,0,,,,,,,,,,,,,,default
7954,simple,7071606013230,"ORIGINAL BEANIE",1,0,visible,"ORIGINAL BEANIE/GRÅMELERT","Trendy og komfortabel ribbestrikket lue i ren kjemmet bomull.\n\nTracker\n\nNordisk Handelshus AS",,,none,,1,,,0,0,40,,,,0,,,64.90,Hodeplagg,,,https://benchmarked.site/stautas.no/wp-content/uploads/2022/03/6150_22.jpg,,,,,,,,,0,,,,,,,,,,,,,,default
7959,simple,7071606872677,"COTTON JERSEY HAT",1,0,visible,"COTTON JERSEY HAT/TURKIS","Sporty dobbel lue i bomullstrikot med kontrastfarge i sømmer.\n\nTracker\n\nNordisk Handelshus AS",,,none,,1,,,0,0,70,,,,0,,,121.00,Hodeplagg,,,"https://benchmarked.site/stautas.no/wp-content/uploads/2022/03/6200_28.jpg, https://benchmarked.site/stautas.no/wp-content/uploads/2022/03/6200_28_b.jpg",,,,,,,,,0,,,,,,,,,,,,,,default
7965,simple,7071606873315,"TURN UP REFLECTIVE HAT",1,0,visible,"TURN UP REFLECTIVE HAT/BLACK","Ribbestrikket lue med refleksgarn. Fleecefôr på innsiden.\n\nTracker\n\nNordisk Handelshus AS",,,none,,1,,,0,0,110,,,,0,,,187.00,Hodeplagg,,,https://benchmarked.site/stautas.no/wp-content/uploads/2022/03/6405_04.jpg,,,,,,,,,0,,,,,,,,,,,,,,default
7968,simple,7071606872707,"DOUBLE LAYER REFLECTIVE HAT",1,0,visible,"DOUBLE LAYER REFLECTIVE HAT/DK GREY","Dobbel lue med fleecefôr på innsiden, samt windstopper. Refleksstripe nederst på luen.\n\nTracker\n\nNordisk Handelshus AS",,,none,,1,,,0,0,80,,,,0,,,121.00,Hodeplagg,,,https://benchmarked.site/stautas.no/wp-content/uploads/2022/03/6410_02.jpg,,,,,,,,,0,,,,,,,,,,,,,,default
7970,simple,7071606877696,"ORIGINAL DOWN MITTENS",1,0,visible,"ORIGINAL DOWN MITTENS/BLACK/S/M","Lette og behagelige dunvotter som holder deg god og varm på hendene på kalde vinterdager. Votttene er RDS sertifisert og impregnert med Bionich Finish Eco. Finnes i to størrelser.\n\nTracker\n\nNordisk Handelshus AS",,,none,,1,,,0,0,,,,,0,,,349.80,Votter,,,"https://benchmarked.site/stautas.no/wp-content/uploads/2022/03/6800_04_f.jpg, https://benchmarked.site/stautas.no/wp-content/uploads/2022/03/6800_04_d1.jpg",,,,,,,,,0,,,,,,,,,,,,,,default
7973,simple,7071606872387,"TRACKER EASTPORT JACKET",1,0,visible,"TRACKER EASTPORT JACKET/MARINE/4XL","Klassisk catalina jakke med ribbestrikket linning og mansjetter. Vindttett og vannavissende. To sidelommer med trykknapp og en innvendig lomme.\n\nTracker\n\nNordisk Handelshus AS",,,none,,1,,,0,0,570,,,,0,,,525.80,Jakker,,,https://benchmarked.site/stautas.no/wp-content/uploads/2022/03/7020_05_f.jpg,,,,,,,,,0,,,,,,,,,,,,,,default
7975,simple,7071606872523,"TRACKER WESTPORT JACKET",1,0,visible,"TRACKER WESTPORT JACKET/MARINE/4XL","Fôret Catalina jakke med ribbestrikket linning, mansjetter og krage. Vindttett og vannavissende. To sidelommer med glidelås og en innvendig lomme med glidelås.\n\nTracker\n\nNordisk Handelshus AS",,,none,,1,,,0,0,780,,,,0,,,701.80,Jakker,,,https://benchmarked.site/stautas.no/wp-content/uploads/2022/03/7030_05_f.jpg,,,,,,,,,0,,,,,,,,,,,,,,default
7978,simple,7071606874305,"ORIGINAL SEA MASTER",1,0,visible,"ORIGINAL SEA MASTER/GRÅ/XXXXL","Sporty seilerjakke fra Tracker. Teknisk maritim jakke som er vanntett, vindtett og ventilerende. Hette i EN 471-varselfarge, samt høy justerbar krage med microfleece fôr. Helforseglede sømmer. Dobbel stormklaff. YKK hovedglidelås og YCC vannavvisende glidelåser. Innvendige elastiske mansjetter rundt håndleddene. Innvendig lomme med glidelås.\n\nTracker\n\nNordisk Handelshus AS",,,none,,1,,,0,0,980,,,,0,,,1757.80,Jakker,,,https://benchmarked.site/stautas.no/wp-content/uploads/2022/03/7065_12_f.jpg,,,,,,,,,0,,,,,,,,,,,,,,default
7983,simple,7071606010468,"ORIGINAL PARKA",1,0,visible,"ORIGINAL PARKAS/SORT/3XL","Tykk, varm og moteriktig parkas i deilig myk kvalitet. Vannavstøtende og robust ytterstoff, og fylt\nmed fyldig kunstfiber som gir en deilig dunfølelse. Avtagbar hette og kunstpels krage. 2 innvendige\nlommer og 8 ytterlommer i front, hvorav øvre brystlommer inneholder egen fleece-lomme for å\nvarme hendene på kalde dager. Passer like godt for menn som for damer.\n\nTracker\n\nNordisk Handelshus AS",,,none,,1,,,0,0,2100,,,,0,,,1427.80,Jakker,,,https://benchmarked.site/stautas.no/wp-content/uploads/2022/03/7070_04.jpg,,,,,,,,,0,,,,,,,,,,,,,,default
7986,simple,7071606873858,"ORIGINAL INSULATION JACKET",1,0,visible,"ORIGINAL INSULATION JACKET/TURKIS/4XL","Sporty isolasjonsjakke i et mykt og behagelig materiale. Jakken kan brukes alene eller under en skalljakke for ekstra isloasjon. Fast Hette. Stramming i linning. Integrerte elastiske håndgamasjer.\n\nTracker\n\nNordisk Handelshus AS",,,none,,1,,,0,0,360,,,,0,,,657.80,Jakker,,,https://benchmarked.site/stautas.no/wp-content/uploads/2022/03/7071_08_f.jpg,,,,,,,,,0,,,,,,,,,,,,,,default
7988,simple, 7071606877849,HYBRID DOWN STRETCH JACKET,1,0,visible,HYBRID DOWN STRETCH JACKET/D.GREY/4XL,"Sporty hybridjakke til både menn og damer! Den perfekte kombinasjonen av bevegelighet, lav vekt og isolerende områder av 90/10 dun. Impregnert med Bionic-Finish® Eco (body). Egen pose for pakking.\n\nTracker\n\nNordisk Handelshus AS",,,none,,1,,,0,0,,,,,0,,,1207.80,Jakker,,,https://benchmarked.site/stautas.no/wp-content/uploads/2022/03/7073_10_f.jpg,,,,,,,,,0,,,,,,,,,,,,,,default
7990,simple,7071606876958,STRETCH DOWN JACKET,1,0,visible,STRETCH DOWN JACKET/D.GREY/4XL,"Myk og behagelig dunjakke med matt stretchmateriale. Sidelommer med glidelås og avtakbar hette. To innvendige lommer på innsiden. Stramming i linning. Jakken er sertifisert i henhold til Responsible Down Standard, som sikrer at produktet er produsert på en etisk forsvarlig måte.\n\nTracker\n\nNordisk Handelshus AS",,,none,,1,,,0,0,,,,,0,,,1537.80,Jakker,,,,,,,,,,,,0,,,,,,,,,,,,,,default
7992,simple,7071606012943,"ORIGINAL DOWN JACKET",1,0,visible,"ORIGINAL DOWN JACKET/BLACK/3XL","Myk og fyldig dunjakke med rip-stop stoff både utvendig og innvendig. Vanntett (8000mm) og pustende (3000gr) stoff, holder deg varm og tørr gjennom vinteren. 2 innvendige og 3 utvendige lommer. Ekstra lengde bak, avtagbar hette med snøring, elastiske håndleddsmansjetter med tommelgrep, stramming i midje og egen pose for komprimert pakking/transport.\n\nTracker\n\nNordisk Handelshus AS",,,none,,1,,,0,0,1100,,,,0,,,1887.60,Jakker,,,https://benchmarked.site/stautas.no/wp-content/uploads/2022/03/7075_04.jpg,,,,,,,,,0,,,,,,,,,,,,,,default
7994,simple,7071606872080,"SUPERSOFT DOWN JACKET",1,0,visible,"SUPERSOFT DOWN JACKET/KOKSGRÅ/4XL","Myk og fyldig dunjakke i samme kvalitet som art. 7077/7078, men med mye mer dun. Lett og komfortabel å ha på kroppen. Dunet har utmerket isolasjonsevne som gjør at jakken er perfekt til kalde vinterdager. Dunjakken er komprimerbar med egen pose for pakking. Avtakbar hette med snøring, samt snøring i linning. 3 utvendige lommer. Jakken er sertifisert i henhold til Responsible Down Standard, som sikrer at produktet er produsert på en etisk forsvarlig måte.\n\nTracker\n\nNordisk Handelshus AS",,,none,,1,,,0,0,760,,,,0,,,1867.80,Jakker,,,https://benchmarked.site/stautas.no/wp-content/uploads/2022/03/7076_10_f.jpg,,,,,,,,,0,,,,,,,,,,,,,,default
7997,simple,7071606162174,"SUPERLIGHT DOWN JACKET",1,0,visible,"SUPERLIGHT DOWN JACKET/ORANGE/4XL","Ultralett, behagelig og allsidig dunjakke som kan brukes året rundt og alle steder. Ypperlig jakke både til bruk alene og som ekstra isolasjonslag under skalljakken. Den tar også svært liten plass i reisevesken, da den kan komprimeres til å passe inn i den medfølgende posen. Jakken er sertifisert i henhold til Responsible Down Standard og impregnert med Bionic Finish Eco, som sikrer at produktet er produsert på en etisk forsvarlig måte.\n\nTracker\n\nNordisk Handelshus AS",,,none,,1,,,0,0,290,,,,0,,,1317.80,Jakker,,,https://benchmarked.site/stautas.no/wp-content/uploads/2022/03/7077_17_f.jpg,,,,,,,,,0,,,,,,,,,,,,,,default
8001,simple,7071606871915,"SUPERLIGHT DOWN HOOD JACKET",1,0,visible,"SUPERLIGHT DOWN HOODED JACKET/GREY/4XL","Sporty dunjakke som kan brukes året rundt og alle steder. Samme fasong som art. 7077. Ypperlig jakke både til bruk alene og som ekstra isolasjonslag under skalljakken, og passer like godt til mann som kvinne. Den tar også svært liten plass i reisevesken, da den kan komprimeres til å passe inn i den medfølgende posen. Fast regulerbar hette. Jakken er sertifisert i henhold til Responsible Down Standard og impregnert med Bionich Finish Eco, som sikrer at produktet er produsert på en etisk forsvarlig måte.\n\nTracker\n\nNordisk Handelshus AS",,,none,,1,,,0,0,450,,,,0,,,1427.80,Jakker,,,https://benchmarked.site/stautas.no/wp-content/uploads/2022/03/7078_10_f.jpg,,,,,,,,,0,,,,,,,,,,,,,,default
8006,simple,7071606872318,"SUPERLIGHT DOWN VEST",1,0,visible,"SUPERLIGHT DOWN VEST/KOKSGRÅ/XXXXL","Superlett dunvest som kan brukes året rundt. Perfekt isolasjonsplagg. Svært komprimerbar med egen pose for pakking.\n\nTracker\n\nNordisk Handelshus AS",,,none,,1,,,0,0,170,,,,0,,,1097.80,Jakker,,,https://benchmarked.site/stautas.no/wp-content/uploads/2022/03/7079_10_f.jpg,,,,,,,,,0,,,,,,,,,,,,,,default
8008,simple,7071606876675,HI-VIS SOFTSHELL JACKET,1,0,visible,HI-VIS SOFTSHELL JACKET/YELLOW/4XL,"Fluoriserende softshell-jakke i synlighetsklasse 3 etter EN ISO20471.Behagelig softshell jakke med vind- og vannavvisende materiale med tynt fleece för på innsiden. Id-kort lomme med borrelås, samt sidelomme med glidelås på venstre bryst. Forlenget ryggparti.\n\nTracker\n\nNordisk Handelshus AS",,,none,,1,,,0,0,,,,,0,,,1009.80,Synlighet,,,https://benchmarked.site/stautas.no/wp-content/uploads/2022/03/7083_37.jpg,,,,,,,,,0,,,,,,,,,,,,,,default
8010,simple,7071606872134,"ACTIVE SOFT SHELL",1,0,visible,"ACTIVE SOFT SHELL/MARINE/4XL","Behagelig softshelljakke i et vind- og vannavstøtende stretch-materiale. Ventilasjonsglidelåser under ermene gjør at jakken egner seg for aktiv bruk. Fast, regulerbar hette. Elastisk snor i nederkant. Forlenget ryggparti. Borrelåsjustering nederst på ermene. Kommer med orange zippere som standard.\n\nTracker\n\nNordisk Handelshus AS",,,none,,1,,,0,0,800,,,,0,,,965.80,Jakker,,,https://benchmarked.site/stautas.no/wp-content/uploads/2022/03/7085_05_f.jpg,,,,,,,,,0,,,,,,,,,,,,,,default
8013,simple,7071606238145,"ACTIVE SOFT SHELL LADY",1,0,visible,"ACTIVE SOFT SHELL LADY/GREY/XXL","Fasongsydd softshelljakke til dame i et vind- og vannavstøtende stretch-materiale. Ventilasjonsglidelåser under ermene gjør at jakken egner seg for aktiv bruk. Fast, regulerbar hette. Elastisk snor i nederkant. Forlenget ryggparti. Borrelåsjustering nederst på ermene. Kommer med orange zippere som standard.\n\nTracker\n\nNordisk Handelshus AS",,,none,,1,,,0,0,800,,,,0,,,965.80,Jakker,,,https://benchmarked.site/stautas.no/wp-content/uploads/2022/03/7087_10_f.jpg,,,,,,,,,0,,,,,,,,,,,,,,default
8017,simple,7071606015807,"CONTRAST COLORED EXTREME PROSHELL",1,0,visible,"EXTREME PROSHELL/SORT/TURKIS/4XL","En høyteknisk skalljakke som tåler det meste. Gå i fjellet, stå på ski, dra til sjøs. Jakken er laget i 3-lags sveiset vindtett, vanntett og 2-veis elastisk stoff med teipede sømmer og vannavvisende hovedglidelås, samt YKK vannavvisende glidelåser på samtlige utvendige lommer (5 stk.). 2-veis YKK vannavvisende glidelåser under ermene gir deg mulighet for mekanisk lufting ved høy aktivitet. Avtakbar og justerbar hette, samt snøring i linning. 2 innvendige lommer med glidelås/borrelås til verdisaker.\n\nTracker\n\nNordisk Handelshus AS",,,none,,1,,,0,0,930,,,,0,,,1977.80,Jakker,,,https://benchmarked.site/stautas.no/wp-content/uploads/2022/03/7090_28_f.jpg,,,,,,,,,0,,,,,,,,,,,,,,default
8021,simple,7071606011281,"CONTRAST COLORED LADIES EXTREME PROSHELL",1,0,visible,"LADIES EXTR. PROSHELL/SORT/TURKIS/XS","Fasongsydd damemodell. En høyteknisk skalljakke som tåler det meste. Jakken er laget i 3-lags sveiset vindtett, vanntett og 2-Veis elastisk stoff med teipede sømmer og vannavvisende hovedglidelås, samt YKK vannavvisende glidelåser på samtlige utvendige lommer(3 stk.). 2-veis YKK vannavvisende glidelåser under ermene gir deg mulighet for mekanisk lufting ved høy aktivitet. Avtakbar og justerbar hette, samt snøring i linning. 2 innvendige lommer med glidelås/borrelås til verdisaker.\n\nTracker\n\nNordisk Handelshus AS",,,none,,1,,,0,0,890,,,,0,,,1977.80,Jakker,,,https://benchmarked.site/stautas.no/wp-content/uploads/2022/03/7092_28.jpg,,,,,,,,,0,,,,,,,,,,,,,,default
8025,simple,7071606874718,"ADVENTURE SHELL",1,0,visible,"ADVENTURE SHELL/SKY BLUE/XXXL","Lett og behagelig skalljakke som kan brukes året rundt. Grove vislon zippere og ventilasjonsglidelåser under ermene. Vanntett, vindtett og pustende med teipede sømmer. Fast, regulerbar hette. 1 Innvendig lomme med utgang til ørepropper/lader. Snøring i linning.\n\nTracker\n\nNordisk Handelshus AS",,,none,,1,,,0,0,550,,,,0,,,1427.80,Jakker,,,https://benchmarked.site/stautas.no/wp-content/uploads/2022/03/7096_08_f.jpg,,,,,,,,,0,,,,,,,,,,,,,,default
8028,simple,7071606015395,"ORIGINAL SPORT COAT",1,0,visible,"ORIGINAL SPORT COAT/MARINE/3XL","Sporty, lett og elegant frakk i urbant design, produsert i et mykt behagelig materiale med lite overflatestøy, og med egenskaper som en teknisk skalljakke. Vanntett, vindtett, pustende, og med teipede sømmer. 4 utvendige og 2 innvendige lommer, og med avtakbar og justerbar hette.\n\nTracker\n\nNordisk Handelshus AS",,,none,,1,,,0,0,900,,,,0,,,1537.80,Jakker,,,https://benchmarked.site/stautas.no/wp-content/uploads/2022/03/7150_05_f.jpg,,,,,,,,,0,,,,,,,,,,,,,,default
8030,simple,7071606015456,"ORIGINAL LADY SPORT COAT",1,0,visible,"ORIGINAL LADY SPORT COAT/MARINE/XXL","Sporty, feminin, lett og elegant frakk i urbant design, produsert i et mykt og behagelig materiale med lite overflatestøy, og med egenskaper som en teknisk skalljakke. Vanntett, vindtett, pustende, og med teipede sømmer. 2 utvendige og 1 innvendig lomme, og med avtakbar og justerbar hette.\n\nTracker\n\nNordisk Handelshus AS",,,none,,1,,,0,0,800,,,,0,,,1537.80,Jakker,,,https://benchmarked.site/stautas.no/wp-content/uploads/2022/03/7152_05_f.jpg,,,,,,,,,0,,,,,,,,,,,,,,default
8032,simple,7071606871465,"ORIGINAL SPORT PARKA",1,0,visible,"ORIGINAL SPORT PARKA/SORT/3XL","Fòret parkas til business eller fritid. Jakken har et supersmart reflekssystem med to reflekser på innsiden, som du enkelt kan gjøre synlig i mørket. Herremodellen har tre utvendige lommer, og fem innvendige lommer. Vindtett og vanntett.\n\nTracker\n\nNordisk Handelshus AS",,,none,,1,,,0,0,1300,,,,0,,,1647.80,Jakker,,,https://benchmarked.site/stautas.no/wp-content/uploads/2022/03/7160_04_f.jpg,,,,,,,,,0,,,,,,,,,,,,,,default
8034,simple,7071606871977,"LADY SPORT PARKA",1,0,visible,"LADY SPORT PARKA/SORT/XXL","Innsvinget parkas til dame, med justerbar snøring i rygg. Jakken har et supersmart reflekssystem med to reflekser på innsiden, som du enkelt kan gjøre synlig i mørket. Damemodellen har to utvendige lommer, og en innvendig lomme. Vindtett og vanntett.\n\nTracker\n\nNordisk Handelshus AS",,,none,,1,,,0,0,1200,,,,0,,,1647.80,Jakker,,,https://benchmarked.site/stautas.no/wp-content/uploads/2022/03/7162_04_f.jpg,,,,,,,,,0,,,,,,,,,,,,,,default
8036,simple,7071606877047,ORIGINAL DOWN PARKA,1,0,visible,ORIGINAL DOWN PARKA/CHARCOAL/4XL,"Sporty dunparkas i et mykt og supermatt materiale. Dette er en vinterjakke som vil holde deg god og varm gjennom hele sesongen med sin lange passform og varme dunfyll. Jakken er sertifisert i henhold til Responsible Down Standard, som sikrer at produktet er produsert på en etisk forsvarlig måte. Fast hette med innstrammingsmuligheter. To dype glidelås lommer i front. En innvendig glidelås lomme for oppbevaring av verdisaker, samt en nettinglomme. 2-veis glidelås i front.\n\nTracker\n\nNordisk Handelshus AS",,,none,,1,,,0,0,,,,,0,,,1977.80,Jakker,,,https://benchmarked.site/stautas.no/wp-content/uploads/2022/03/7180_10_f.jpg,,,,,,,,,0,,,,,,,,,,,,,,default
8038,simple,7071606623743,"ORIGINAL CAFE",1,0,visible,"ORIGINAL CAFE/BURGUNDER","Kort forkle med lomme i front. 90x50 cm (BxH)\n\nTracker\n\nNordisk Handelshus AS",,,none,,1,,,0,0,2502,,,,0,,,86.90,Forstykker,,,https://benchmarked.site/stautas.no/wp-content/uploads/2022/03/8010_46.jpg,,,,,,,,,0,,,,,,,,,,,,,,default
8044,simple,7071606237681,"ORIGINAL BRASSERIE",1,0,visible,"ORIGINAL BRASSERIE/BURGUNDER","Langt forkle med lomme i front. 90x100 cm (BxH)\n\nTracker\n\nNordisk Handelshus AS",,,none,,1,,,0,0,2502,,,,0,,,115.50,Forstykker,,,https://benchmarked.site/stautas.no/wp-content/uploads/2022/03/8012_46.jpg,,,,,,,,,0,,,,,,,,,,,,,,default
8050,simple,7071606237728,"ORIGINAL BARBEQUE",1,0,visible,"ORIGINAL BARBEQUE/BURGUNDER","Forkle med smekke og regulerbar nakkestropp. Lomme på høyre side. 28/90x108 (BxH)\n\nTracker\n\nNordisk Handelshus AS",,,none,,1,,,0,0,2502,,,,0,,,159.50,Forstykker,,,https://benchmarked.site/stautas.no/wp-content/uploads/2022/03/8014_46.jpg,,,,,,,,,0,,,,,,,,,,,,,,default
8056,simple,7070760687639,"TRACKER ROLLER BAG",1,0,visible,"TRACKER ROLLER BAG/BLACKMELANGE","En smart og romslig weekend bag. Utvendig finnes det en stor framlomme med to nettinglommer, samt en mindre organiseringslomme til verdisaker. Innvendig finnes det et romslig bunnrom som kan lukkes med glidelås. På den andre siden er baggen delt opp i tre mindre lommer med glidelås for smart organisering av din pakking. To justerbare spenner i front hjelper til å holde bagen lukket. Hjul og teleskophåndtak gjør at du kan dra bagen bak deg og avlaste skuldre og armer. Flere håndtak for enkel håndtering.\n\nTracker\n\nNordisk Handelshus AS",,,none,,1,,,0,0,3900,,,,0,,,1163.80,"Sekker &amp; Bagger",,,https://benchmarked.site/stautas.no/wp-content/uploads/2022/03/9002_10_f.jpg,,,,,,,,,0,,,,,,,,,,,,,,default
8058,simple,7071606873650,"BASIC BUSINESS PACK",1,0,visible,"BASIC BUSINESS PACK/BLACK","Pc-sekk med stort hovedrom. Organiseringslomme i front. Sikkerhetsrom mot rygg holder vedisakene dine trygge. God Polstring. Utvendige flaskelommer.\n\nTracker\n\nNordisk Handelshus AS",,,none,,1,,,0,0,800,,,,0,,,393.80,"Sekker &amp; Bagger",,,https://benchmarked.site/stautas.no/wp-content/uploads/2022/03/9010_04.jpg,,,,,,,,,0,,,,,,,,,,,,,,default
8060,simple,7071606010772,"ORIGINAL BUSINESS PACK 2",1,0,visible,"ORIGINAL BUSINESS PACK 2","PC-sekk med god polstring i rygg og bærestropper. 2 store hovedrom med to mindre lommer i front. Eget PC-rom med god polstring og enkel toppåpning. Organiseringslomme, utgang til ørepropper/lader, samt separat regntrekk.\n\nTracker\n\nNordisk Handelshus AS",,,none,,1,,,0,0,1300,,,,0,,,657.80,"Sekker &amp; Bagger",,,https://benchmarked.site/stautas.no/wp-content/uploads/2022/03/9012_04.jpg,,,,,,,,,0,,,,,,,,,,,,,,default
8062,simple,7071606015463,"BLACK EDITION BUSINESS PACK",1,0,visible,"BLACK EDITION BUSINESS PACK","Stilren business sekk. 3 rom. Laptop lomme. Låsbart hovedrom. God polstring. Uttakbar flaskelomme.\n\nTracker\n\nNordisk Handelshus AS",,,none,,1,,,0,0,1000,,,,0,,,547.80,"Sekker &amp; Bagger",,,https://benchmarked.site/stautas.no/wp-content/uploads/2022/03/9014_04.jpg,,,,,,,,,0,,,,,,,,,,,,,,default
8064,simple,7071606876828,"NOTEBOOK BACKPACK",1,0,visible,"NOTEBOOK BACKPACK/BLACK MELANGE","Urban og stilren PC-Sekk med ekstra stor åpning for enkel tilgang. Stort og romslig hovedrom med lomme til verdisaker, samt to praktiske organiseringslommer som gjør det lettere å finne mindre gjenstander. Polstret laptop lomme, samt egen lomme med mykt fôr til nettbrettet. Sekken har også justerbar bryststropp (avtakbar) som gjør at sekken sitter mer stabilt og behagelig på ryggen. Utgang til lader slik at du kan lade mobilen rett fra ryggsekken når du er på farten.\n\nTracker\n\nNordisk Handelshus AS",,,none,,1,,,0,0,850,,,,0,,,591.80,"Sekker &amp; Bagger",,,https://benchmarked.site/stautas.no/wp-content/uploads/2022/03/9015_10_f.jpg,,,,,,,,,0,,,,,,,,,,,,,,default
8066,simple,7071606872721,"URBAN BACKPACK",1,0,visible,"URBAN BACKPACK/BLACK MELANGE","PC-Sekk med 2 store rom og 1 utvendig lomme. Innvendig lomme til verdisaker. Utgang til ørepropper. Utvendige flaskelommer.\n\nTracker\n\nNordisk Handelshus AS",,,none,,1,,,0,0,750,,,,0,,,569.80,"Sekker &amp; Bagger",,,https://benchmarked.site/stautas.no/wp-content/uploads/2022/03/9016_04_f.jpg,,,,,,,,,0,,,,,,,,,,,,,,default
8069,simple,7071606876842,"CITY BACKPACK",1,0,visible,"CITY BACKPACK/BLACK MELANGE","Urban og stilren PC-Sekk. Stort hovedrom med polstret laptop lomme, egen lomme til verdisaker, samt to praktiske organiseringslommer som gjør det lettere å finne mindre gjenstander. Fest ryggsekken trygt til trillekofferten ved hjelp av feste på baksiden. Sekken har også justerbar bryststropp (avtakbar) som gjør at sekken sitter mer stabilt og behagelig på ryggen. Utgang til lader slik at du kan lade mobilen rett fra ryggsekken når du er på farten. God polstring mot rygg, samt luftekanal som gir god ventilasjon.\n\nTracker\n\nNordisk Handelshus AS",,,none,,1,,,0,0,750,,,,0,,,591.80,"Sekker &amp; Bagger",,,https://benchmarked.site/stautas.no/wp-content/uploads/2022/03/9017_10_f.jpg,,,,,,,,,0,,,,,,,,,,,,,,default
8071,simple,7071606873766,"URBAN BACKPACK II",1,0,visible,"URBAN BACKPACK II/ BLACK MELANGE","Stilren PC-Sekk med feste til trillekoffert på baksiden. Rikelig med oppbevaringsmuligheter - lomme til verdisaker, 2 sidelommer med glidelås og organiseringslomme i front.\n\nTracker\n\nNordisk Handelshus AS",,,none,,1,,,0,0,750,,,,0,,,569.80,"Sekker &amp; Bagger",,,https://benchmarked.site/stautas.no/wp-content/uploads/2022/03/9018_10.jpg,,,,,,,,,0,,,,,,,,,,,,,,default
8073,simple,7071606876583,"URBAN OFFICE BAG",1,0,visible,"URBAN OFFICE BAG/BLACKMELANGE","Urban og stilren PC-veske. Hovedrom med polstret laptop lomme og organisasjonsvennlig innside, samt en egen lomme for dokumenter. Utvendig lomme med glidelås. Siderom med åpning for feste til trillekoffert. Justerbar og avtakbar skulderrem.\n\nTracker\n\nNordisk Handelshus AS",,,none,,1,,,0,0,720,,,,0,,,525.80,"Sekker &amp; Bagger",,,https://benchmarked.site/stautas.no/wp-content/uploads/2022/03/9019_10.jpg,,,,,,,,,0,,,,,,,,,,,,,,default
8075,simple,7071606010796,"CARBON BACKPACK",1,0,visible,"CARBON BACKPACK/BLACK","Tøff og sporty PC-Sekk tilpasset en litt mer aktiv hverdag til og fra jobb eller skole. Med justerbar bryststropp sitter sekken mer stabilt og behagelig på ryggen. Hard front lomme med karbon-look og organiseringslomme. Eget Laptop rom som er godt polstret som gir god beskyttelse til din PC. Stort hovedrom, med lomme til verdisaker, samt to oppbevaringslommer.\n\nTracker\n\nNordisk Handelshus AS",,,none,,1,,,0,0,1100,,,,0,,,657.80,"Sekker &amp; Bagger",,,https://benchmarked.site/stautas.no/wp-content/uploads/2022/03/9020_04_f.jpg,,,,,,,,,0,,,,,,,,,,,,,,default
8077,simple,7071606872752,"CLASSIC BACKPACK",1,0,visible,"CLASSIC BACKPACK/NAVY","Ungdommelig ryggsekk med stort hovedrom med lomme til pc/nettbrett. 1 Utvendig lomme. Utvendige flaskelommer. Refleksdetalj i front.\n\nTracker\n\nNordisk Handelshus AS",,,none,,1,,,0,0,350,,,,0,,,283.80,"Sekker &amp; Bagger",,,https://benchmarked.site/stautas.no/wp-content/uploads/2022/03/9024_05_f.jpg,,,,,,,,,0,,,,,,,,,,,,,,default
8079,simple,7071606013971,"ORIGINAL SHOE BAG",1,0,visible,"ORIGINAL SHOE BAG","Praktisk og rommelig sko bag med flere smarte rom i tillegg til hovedrommet. Passer godt til oppbevaring og transport av alle typer sportssko og pensko, samt nøkler, lommebok, score-kort, etc.\n\nTracker\n\nNordisk Handelshus AS",,,none,,1,,,0,0,280,,,,0,,,99.00,"Sekker &amp; Bagger",,,https://benchmarked.site/stautas.no/wp-content/uploads/2022/03/9045_04.jpg,,,,,,,,,0,,,,,,,,,,,,,,default
8081,simple,7071606011298,"ORIGINAL BASIC BACKPACK",1,0,visible,"ORIGINAL BASIC BACKPACK","Flott tursekk med 2 rom, samt flaskelommer på hver side. Har også stropp for festing av vått tøy eller annet. Reflekser både foran og bak. Vår enkleste modell, men på alle måter i samme høye Trackerkvalitet og 30 års garanti.\n\nTracker\n\nNordisk Handelshus AS",,,none,,1,,,0,0,500,,,,0,,,305.80,"Sekker &amp; Bagger",,,https://benchmarked.site/stautas.no/wp-content/uploads/2022/03/9051_04.jpg,,,,,,,,,0,,,,,,,,,,,,,,default
8083,simple,7071606015487,"ORIGINAL DAYPACK",1,0,visible,"ORIGINAL DAYPACK/KONGEBLÅ","Tøff dagstursekk med 3 rom, samt utvendige flaskelommer på hver side. Rommet nærmest rygg har også opphengskrok for drikkepose (Liquid Bag 9059), og utgang for drikke-slange, slik at man har drikke tilgjengelig uten å ta av sekken. Kraftig polstring med god ventilasjon i rygg, samt justerbar bryststropp og kompresjonsstropper på hver side. Elastisk stropp for festing av vått tøy/etc. utvendig. Reflekser både foran og bak.\n\nTracker\n\nNordisk Handelshus AS",,,none,,1,,,0,0,500,,,,0,,,371.80,"Sekker &amp; Bagger",,,https://benchmarked.site/stautas.no/wp-content/uploads/2022/03/9052_08.jpg,,,,,,,,,0,,,,,,,,,,,,,,default
8088,simple,7071606010826,"ORIGINAL RUNNING PACK",1,0,visible,"ORIGINAL RUNNING PACK","Superlett ekspanderbar sekk for den aktive brukeren, eller for den korte turen. Hovedrom med lomme og opphengskrok for drikkepose\n(art. 9059/kjøpes separat), ytterrom, utvendig nettinglomme, elastisk bånd for feste av sykkelhjelm eller lignende, og skjult regntrekk i bunn. Bryststropp, smalt magebelte, og pustende tekstil mot rygg for optimal aktiv komfort. Perfekt sekk for\nen aktiv fritid\n\nTracker\n\nNordisk Handelshus AS",,,none,,1,,,0,0,400,,,,0,,,349.80,"Sekker &amp; Bagger",,,https://benchmarked.site/stautas.no/wp-content/uploads/2022/03/9055_04.jpg,,,,,,,,,0,,,,,,,,,,,,,,default
8090,simple,7071606015548,"ORIGINAL BIKE PACK",1,0,visible,"ORIGINAL BIKE PACK/ORANGE","Stilren og elegant aktivitetssekk med helpolstret myk ryggplate, og med bredt midjebelte. Eget rom med opphengskrok for liquid bag (art. 9059) og utgang for drikkeslange med lukkbart munnstykke.\n\nTracker\n\nNordisk Handelshus AS",,,none,,1,,,0,0,500,,,,0,,,349.80,"Sekker &amp; Bagger",,,"https://benchmarked.site/stautas.no/wp-content/uploads/2022/03/9056_17.jpg, https://benchmarked.site/stautas.no/wp-content/uploads/2022/03/9056_17_b.jpg",,,,,,,,,0,,,,,,,,,,,,,,default
8098,simple,7071606010833,"ORIGINAL WAIST PACK",1,0,visible,"ORIGINAL WAIST PACK","Lett og rommelig rumpetaske med god polstring og gode justeringsmuligheter for optimal bærekomfort. 2 utvendige flaskelommer med justeringsstropper og elastiske bånd for feste av for eksempel vått tøy.\n\nTracker\n\nNordisk Handelshus AS",,,none,,1,,,0,0,300,,,,0,,,217.80,"Sekker &amp; Bagger",,,https://benchmarked.site/stautas.no/wp-content/uploads/2022/03/9057_04.jpg,,,,,,,,,0,,,,,,,,,,,,,,default
8100,simple,7071606010840,"ORIGINAL LIQUID PACK",1,0,visible,"ORIGINAL LIQUID PACK","Drikkepose som rommer 1,5 liter væske. Stor åpning for enkel fylling og rengjøring. Transparent drikkeslange med lekkasjefri vannlås.\n\nTracker\n\nNordisk Handelshus AS",,,none,,1,,,0,0,200,,,,0,,,129.80,"Sekker &amp; Bagger",,,https://benchmarked.site/stautas.no/wp-content/uploads/2022/03/9059.jpg,,,,,,,,,0,,,,,,,,,,,,,,default
8102,simple,7071606010857,"ORIGINAL ADVENTURE PACK",1,0,visible,"ORIGINAL ADVENTURE PACK","Innholdsrik lett og romslig tursekk med smalt bæresystem og luftekanal mot rygg. Hovedrom, rom for drikkepose (art.9059), rom for mp3/cd, utvendig nettinglomme, regntrekk, m.m.\n\nTracker\n\nNordisk Handelshus AS",,,none,,1,,,0,0,800,,,,0,,,481.80,"Sekker &amp; Bagger",,,"https://benchmarked.site/stautas.no/wp-content/uploads/2022/03/9080_04.jpg, https://benchmarked.site/stautas.no/wp-content/uploads/2022/03/9080_04_b.jpg, https://benchmarked.site/stautas.no/wp-content/uploads/2022/03/9080_04-1-e1619074415511.jpg",,,,,,,,,0,,,,,,,,,,,,,,default
8106,simple,7071606872868,"ORIGINAL ACTIVE PACK",1,0,visible,"ORIGINAL ACTIVE PACK/TURKIS","Sporty aktivitetssekk. Nettingdekket ryggplate i skum gir utmerket luftgjennomstrømming og økt bærekomfort. Justerbar bryststropp, samt hoftebelte.\n\nTracker\n\nNordisk Handelshus AS",,,none,,1,,,0,0,600,,,,0,,,481.80,"Sekker &amp; Bagger",,,"https://benchmarked.site/stautas.no/wp-content/uploads/2022/03/9082_28.jpg, https://benchmarked.site/stautas.no/wp-content/uploads/2022/03/9082_28_b.jpg",,,,,,,,,0,,,,,,,,,,,,,,default
8115,simple,7071606872882,"ORIGINAL ALPINE PACK",1,0,visible,"ORIGINAL ALPINE PACK/DK GREY","Allsidig tursekk med stort hovedrom og innvendig nettinglomme til verdisaker. Nettingdekket ryggplate i skum gir utmerket luftgjennomstrømning og økt bærekomfort. Justerbar bryststropp og hoftebelte med glidelåslommer. Eget rom for oppheng av drikkepose. Elastisk front lomme til diverse utstyr med reflekterende detaljer i front. Utvendige flaskelommer. Fargeelementer kan kjøpes separat.\n\nTracker\n\nNordisk Handelshus AS",,,none,,1,,,0,0,750,,,,0,,,635.80,"Sekker &amp; Bagger",,,"https://benchmarked.site/stautas.no/wp-content/uploads/2022/03/9084_12_f.jpg, https://benchmarked.site/stautas.no/wp-content/uploads/2022/03/9084_12_b.jpg, https://benchmarked.site/stautas.no/wp-content/uploads/2022/03/9084-1.jpg, https://benchmarked.site/stautas.no/wp-content/uploads/2022/03/9084-13.jpg",,,,,,,,,0,,,,,,,,,,,,,,default
8120,simple,7071606872899,"ORIGINAL DUFFEL BAG",1,0,visible,"ORIGINAL DUFFEL BAG","Sporty duffel bag med stort hovedrom. 3 Nettinglommer på innsiden. Lomme til verdisaker i topplokket. Lomme til navnelapp/merking. Avtagbar skulderstropp. Fargeelementer i borrelås kan kjøpes separat. Ryggsekk-stropper kan kjøpes separat.\n\nTracker\n\nNordisk Handelshus AS",,,none,,1,,,0,0,1000,,,,0,,,525.80,"Sekker &amp; Bagger",,,"https://benchmarked.site/stautas.no/wp-content/uploads/2022/03/9167_04.jpg, https://benchmarked.site/stautas.no/wp-content/uploads/2022/03/9167-1.jpg, https://benchmarked.site/stautas.no/wp-content/uploads/2022/03/9167_04_r.jpg",,,,,,,,,0,,,,,,,,,,,,,,default
8124,simple,7071606010888,"ORIGINAL EXPLORER BAG",1,0,visible,"ORIGINAL EXPLORER BAG","Ekspedisjons bag som har plass til alt du trenger. Hjul og teleskophåndtak gjør det til en lek å reise tungt. Bagen er utrustet med kraftige bæreremmer for enkelt å kunne bære den som sekk. Meget stort hovedrom, separat rom for skittentøy/sko, siderom med nettinglommer. Siderom med organiseringslomme for mobil, nøkler, penner etc.\n\nTracker\n\nNordisk Handelshus AS",,,none,,1,,,0,0,5500,,,,0,,,1493.80,"Sekker &amp; Bagger",,,https://benchmarked.site/stautas.no/wp-content/uploads/2022/03/9190_04.jpg,,,,,,,,,0,,,,,,,,,,,,,,default
8126,simple,7071606872790,"URBAN TRAVEL BAG",1,0,visible,"URBAN TRAVEL BAG/DK GREY","Weekendbag med moderne design. Stort hovedrom med lomme på innsiden til verdisaker. Egen lomme for sko/skittentøy. Avtagbar skulderstropp.\n\nTracker\n\nNordisk Handelshus AS",,,none,,1,,,0,0,1000,,,,0,,,415.80,"Sekker &amp; Bagger",,,https://benchmarked.site/stautas.no/wp-content/uploads/2022/03/9240_10.jpg,,,,,,,,,0,,,,,,,,,,,,,,default
8130,simple,7071606872806,"ORIGINAL TRAVEL BAG",1,0,visible,"ORIGINAL TRAVEL BAG/NAVY","Klassisk weekendbag. Stort hovedrom med flere smarte rom. Avtagbar skulderstropp. En fin kombinasjon til art. 9014-05.\n\nTracker\n\nNordisk Handelshus AS",,,none,,1,,,0,0,1150,,,,0,,,481.80,"Sekker &amp; Bagger",,,"https://benchmarked.site/stautas.no/wp-content/uploads/2022/03/9250_05.jpg, https://benchmarked.site/stautas.no/wp-content/uploads/2022/03/9250_fabric_navy-e1619074834338.jpg, https://benchmarked.site/stautas.no/wp-content/uploads/2022/03/9250_05_u.jpg",,,,,,,,,0,,,,,,,,,,,,,,default
8134,simple,7071606872837,"ORIGINAL SPORTS BAG",1,0,visible,"ORIGINAL SPORTS BAG/TURKIS","Sporty bag med stort hovedrom.Sammenleggbar, og praktisk å oppbevare. Avtagbar skulderstropp.\n\nTracker\n\nNordisk Handelshus AS",,,none,,1,,,0,0,700,,,,0,,,349.80,"Sekker &amp; Bagger",,,"https://benchmarked.site/stautas.no/wp-content/uploads/2022/03/9300_28_s.jpg, https://benchmarked.site/stautas.no/wp-content/uploads/2022/03/9300_28_b3.jpg, https://benchmarked.site/stautas.no/wp-content/uploads/2022/03/9300_28_b1.jpg",,,,,,,,,0,,,,,,,,,,,,,,default
8141,simple,7071606011977,"ORIGINAL CABIN TROLLEY",1,0,visible,"ORIGINAL CABIN TROLLEY","Den ultimate kabinbagasjen som rommer det meste på en ryddig og velorganisert måte. Separat rom for klær og privatsaker. Eget data- og elektronikkrom med separat PC/dokument-veske inkludert. Eget rom med 3 skilleark for dokumenter. Eget organiseringsrom for mobil, kort, skrivesaker, nøkler, etc.Må sees/oppleves for å ytes full rettferdighet.\n\nTracker\n\nNordisk Handelshus AS",,,none,,1,,,0,0,3500,,,,0,,,1163.80,"Sekker &amp; Bagger",,,https://benchmarked.site/stautas.no/wp-content/uploads/2022/03/9400_04_f.jpg,,,,,,,,,0,,,,,,,,,,,,,,default
8143,simple,7071606873711,"EXCLUSIVE OFFICE BAG",1,0,visible,"EXCLUSIVE OFFICE BAG/MARINE","Klassisk laptop bag produsert i super-lett og eksklusivt materiale. Hovedrom med laptop lomme og eget organiseringsrom i front. Håndtak i skinnimitasjon. Avtagbar skulderstropp.\n\nTracker\n\nNordisk Handelshus AS",,,none,,1,,,0,0,600,,,,0,,,393.80,"Sekker &amp; Bagger",,,"https://benchmarked.site/stautas.no/wp-content/uploads/2022/03/9504_05_f.jpg, https://benchmarked.site/stautas.no/wp-content/uploads/2022/03/9504_05-3.jpg",,,,,,,,,0,,,,,,,,,,,,,,default
8146,simple,7071606873728,"EXCLUSIVE TOILETRY BAG",1,0,visible,"EXCLUSIVE TOILETRY BAG/MARINE","Toalettmappe med opphengskrok. Mange praktiske rom til toalettsaker.\n\nTracker\n\nNordisk Handelshus AS",,,none,,1,,,0,0,200,,,,0,,,151.80,"Sekker &amp; Bagger",,,"https://benchmarked.site/stautas.no/wp-content/uploads/2022/03/9506_05-3.jpg, https://benchmarked.site/stautas.no/wp-content/uploads/2022/03/9506_05-7.jpg",,,,,,,,,0,,,,,,,,,,,,,,default
8149,simple,7071606873735,"EXCLUSIVE SUIT BAG",1,0,visible,"EXCLUSIVE SUIT BAG/MARINE","Weekend bag som også kan brukes som dresspose.  Inneholder 2 stk. kleshengere.  To-veis glidelås for enkel åpning. To lommer på innsiden. Baggen er produsert i super-lett og eksklusivt materiale med håndtak i skinnimitasjon. Avtagbar skulderstropp.\n\nTracker\n\nNordisk Handelshus AS",,,none,,1,,,0,0,1300,,,,0,,,657.80,"Sekker &amp; Bagger",,,"https://benchmarked.site/stautas.no/wp-content/uploads/2022/03/9510_05-4.jpg, https://benchmarked.site/stautas.no/wp-content/uploads/2022/03/9510_05_d4.jpg",,,,,,,,,0,,,,,,,,,,,,,,default
8152,simple,b181e7361f13,"TRANSFER FLAGG",1,0,visible,NORSK FLAGG/LITE,"Norske, svenske, danske og finske transfer-flagg kan kjøpes separat til trykk.\n\nTracker\n\nNordisk Handelshus AS",,,none,,1,,,0,0,,,,,0,,,22.00,Tilbehør,,,https://benchmarked.site/stautas.no/wp-content/uploads/2022/03/5-A4.jpg,,,,,,,,,0,,,,,,,,,,,,,,default
8157,simple,2783e609062d,NORWAY TRANSFER,1,0,visible,NORWAY/SMALL,"Transfermerke med teksten “NORWAY”. Finnes i to størrelser.\n\nTracker\n\nNordisk Handelshus AS",,,none,,1,,,0,0,,,,,0,,,17.60,Tilbehør,,,https://benchmarked.site/stautas.no/wp-content/uploads/2022/03/5-NORWAY-1920x1920-1.jpg,,,,,,,,,0,,,,,,,,,,,,,,default
8159,simple,8129fd9eb9ab,"STRING ZIP PULLER",1,0,visible,STRING ZIP PULLER/PETROL,"Tynne og stilrene zipper pullere. De orginale zipper-pullerne kan byttes ut med de i farger på de fleste produktene vi har med glidelås. Gjelder også bag/sekk.\n\nTracker\n\nNordisk Handelshus AS",,,none,,1,,,0,0,,,,,0,,,4.40,Tilbehør,,,https://benchmarked.site/stautas.no/wp-content/uploads/2022/03/5-ZIP.jpg,,,,,,,,,0,,,,,,,,,,,,,,default
8161,simple,e0dcd32a98d0,"BIG DROP ZIPPER PULLER",1,0,visible,BIG DROP ZIP PULLER/NEON YELLOW,"Zip-pullere med stor farget dråpe. Selges enkeltvis.\n\nTracker\n\nNordisk Handelshus AS",,,none,,1,,,0,0,,,,,0,,,5.50,Tilbehør,,,https://benchmarked.site/stautas.no/wp-content/uploads/2022/03/5-bigzip.jpg,,,,,,,,,0,,,,,,,,,,,,,,default
8163,simple,65a1c465e144,HETTESNOR,1,0,visible,HOOD CORD/LEMON YELLOW,"Hettesnorer i forskjellige farger. Kan byttes ut på våre hettejakker, hettegensere samt. bamsefleece. Snorbytte besørges av kunde eller forhandler.\n\nTracker\n\nNordisk Handelshus AS",,,none,,1,,,0,0,,,,,0,,,11.00,Tilbehør,,,https://benchmarked.site/stautas.no/wp-content/uploads/2022/03/hettesnorer_1920x1920.jpg,,,,,,,,,0,,,,,,,,,,,,,,default
8165,simple,fbf2d681109e,"ELASTIC CORD",1,0,visible,ELASTIC CORD/NEON YELLOW,"Elastiske stopper til sekkene våre. F.eks art: 9052, 9051, 9080, 9055 og 9057.\n\nTracker\n\nNordisk Handelshus AS",,,none,,1,,,0,0,,,,,0,,,8.80,Tilbehør,,,https://benchmarked.site/stautas.no/wp-content/uploads/2022/03/Elastiske-Stropper.jpg,,,,,,,,,0,,,,,,,,,,,,,,default
8167,simple,e899a42d9d7c,"COLOUR TAG SET",1,0,visible,COLOUR TAG SET/PETROL,"Tykkere zipper-pullere spesielt egnet til art.7070 Original Parka. Leveres som 5-pack.\n\nTracker\n\nNordisk Handelshus AS",,,none,,1,,,0,0,,,,,0,,,15.40,Tilbehør,,,https://benchmarked.site/stautas.no/wp-content/uploads/2022/03/7070_tags.jpg,,,,,,,,,0,,,,,,,,,,,,,,default
8169,simple,b4541b436fa7,"BUCKLE SET",1,0,visible,BUCKLE SET/LIME GREEN,"Farget borrelås + hempe til art. 9084 Original Alpine Pack. Kjøpes separat.\n\nTracker\n\nNordisk Handelshus AS",,,none,,1,,,0,0,,,,,0,,,13.20,Tilbehør,,,"https://benchmarked.site/stautas.no/wp-content/uploads/2022/03/9084-1.jpg, https://benchmarked.site/stautas.no/wp-content/uploads/2022/03/9084-13.jpg",,,,,,,,,0,,,,,,,,,,,,,,default
8170,simple,71835ddaf8ca,RAINCOVER,1,0,visible,"RAINCOVER BACKPACK/YELLOW","Regntrekk med refleks som beskytter ryggsekken mot regn. Regntrekket er elastisk og passer flere av våre sekker. Kjøpes separat.\n\nTracker\n\nNordisk Handelshus AS",,,none,,1,,,0,0,,,,,0,,,55.00,Tilbehør,,,https://benchmarked.site/stautas.no/wp-content/uploads/2022/03/Raincover_backpack.jpg,,,,,,,,,0,,,,,,,,,,,,,,default
8172,simple,de47da60b48b,VELCRO SET,1,0,visible,VELCRO SET/LIME GREEN,"Fargede borrelåser (4 pk.) til art. 9167 Duffel Bag. Kjøpes separat.\n\nTracker\n\nNordisk Handelshus AS",,,none,,1,,,0,0,,,,,0,,,11.00,Tilbehør,,,https://benchmarked.site/stautas.no/wp-content/uploads/2022/03/9-VELCRO-SET-1.jpg,,,,,,,,,0,,,,,,,,,,,,,,default
